{"cameraMode":{"drawMode":0,"name":"Shaded","section":"Shading Mode"},"sceneLighting":false,"audioPlay":false,"sceneViewState":{"showFog":true,"showMaterialUpdate":false,"showSkybox":false,"showFlares":true,"showImageEffects":true,"showParticleSystems":true,"showVisualEffectGraphs":true,"m_FxEnabled":true},"in2DMode":false,"pivot":{"x":0.00018310546875,"y":-75.30696105957031,"z":224.3047332763672},"rotation":{"x":0.13013356924057008,"y":0.010157737880945206,"z":-0.0009436193504370749,"w":0.9914891123771668},"size":1214.7430419921875,"orthographic":false}