{"cameraMode":{"drawMode":0,"name":"Shaded","section":"Shading Mode"},"sceneLighting":true,"audioPlay":false,"sceneViewState":{"showFog":true,"showMaterialUpdate":false,"showSkybox":false,"showFlares":true,"showImageEffects":true,"showParticleSystems":true,"showVisualEffectGraphs":true,"m_FxEnabled":true},"in2DMode":false,"pivot":{"x":37.664344787597659,"y":28.8800048828125,"z":954.2933349609375},"rotation":{"x":-0.008145272731781006,"y":-0.9871664643287659,"z":0.053665995597839358,"w":-0.15010018646717072},"size":182.47393798828126,"orthographic":false}