{"cameraMode":{"drawMode":0,"name":"Shaded","section":"Shading Mode"},"sceneLighting":false,"audioPlay":false,"sceneViewState":{"showFog":true,"showMaterialUpdate":false,"showSkybox":false,"showFlares":true,"showImageEffects":true,"showParticleSystems":true,"showVisualEffectGraphs":true,"m_FxEnabled":true},"in2DMode":false,"pivot":{"x":-0.000030517578125,"y":-3.3520050048828127,"z":0.500030517578125},"rotation":{"x":0.000019786555640166625,"y":0.05037381500005722,"z":-0.0004164231359027326,"w":-0.9987756013870239},"size":625.565673828125,"orthographic":true}