{"cameraMode":{"drawMode":0,"name":"Shaded","section":"Shading Mode"},"sceneLighting":true,"audioPlay":false,"sceneViewState":{"showFog":true,"showMaterialUpdate":false,"showSkybox":true,"showFlares":true,"showImageEffects":true,"showParticleSystems":true,"showVisualEffectGraphs":true,"m_FxEnabled":true},"in2DMode":false,"pivot":{"x":542.5276489257813,"y":230.03204345703126,"z":390.6432189941406},"rotation":{"x":-0.00868938211351633,"y":-0.013504103757441044,"z":-0.00011741978232748806,"w":0.9998695850372315},"size":417.8607177734375,"orthographic":false}