{"cameraMode":{"drawMode":0,"name":"Shaded","section":"Shading Mode"},"sceneLighting":false,"audioPlay":false,"sceneViewState":{"showFog":true,"showMaterialUpdate":false,"showSkybox":false,"showFlares":true,"showImageEffects":true,"showParticleSystems":true,"showVisualEffectGraphs":true,"m_FxEnabled":true},"in2DMode":false,"pivot":{"x":1.9700380563735963,"y":3.241727828979492,"z":-4.691066265106201},"rotation":{"x":0.16606839001178742,"y":0.08323734998703003,"z":-0.013836176134645939,"w":0.9826008677482605},"size":3.7811903953552248,"orthographic":false}